model,r²,mse
lane_navigation_v1.h5,97.70487534381662,15.605066645313782
