model,r²,mse
xgb_reg.pkl,95.36231707761044,30.11468919469276
xgb_best.pkl,97.28166516150284,17.65144580998393
