model,r²,mse
lane_navigation_v1.h5,90.22103158149268,8.693688724452949
